<?xml version="1.0" encoding="UTF-8"?>
<project-private xmlns="http://www.netbeans.org/ns/project-private/1">
    <editor-bookmarks xmlns="http://www.netbeans.org/ns/editor-bookmarks/2" lastBookmarkId="0"/>
    <open-files xmlns="http://www.netbeans.org/ns/projectui-open-files/2">
        <group>
            <file>file:/C:/OOP%20C%20WIDHYA/UTS_WIDHYA/src/uts_widhya/dtaBaju.java</file>
            <file>file:/C:/OOP%20C%20WIDHYA/UTS_WIDHYA/src/uts_widhya/Baju.java</file>
        </group>
    </open-files>
</project-private>
